{"name":"servicestationGarageComputer_area_1","class":"BeamNGGameplayArea","persistentId":"680c31d8-12aa-4d29-a7c6-6f3e47932413","__parent":"garage_interactions","position":[904.237976,-546.180969,164.013474],"rotationMatrix":[0.992546022,-0.121869341,0,0.121869341,0.992546022,0,0,0,0.999999881],"scale":[3.61694145,2.80789971,2]}
{"name":"servicestationGarageComputer_icon_1","class":"BeamNGPointOfInterest","persistentId":"3f28bcad-aecc-4add-8205-3a8720a590a1","__parent":"garage_interactions","position":[905.122864,-540.935425,164.567108],"rotationMatrix":[0.48971951,0.871880114,0,-0.871880114,0.48971951,0,0,0,1]}
{"name":"servicestationOfficeComputer_icon_1","class":"BeamNGPointOfInterest","persistentId":"f68444b0-bb46-45c0-96d0-5962a6370b04","__parent":"garage_interactions","position":[901.070923,-536.982361,164.434311],"rotationMatrix":[0.991202474,-0.132354364,0,0.132354364,0.991202474,0,0,0,1]}
{"name":"servicestationOfficeComputer_area_1","class":"BeamNGGameplayArea","persistentId":"e92cf486-c618-4986-bba4-d493cad0e1a3","__parent":"garage_interactions","position":[901.41449,-537.610779,163.645996],"rotationMatrix":[0.991090119,-0.133193001,0,0.133193001,0.991090119,0,0,0,1],"scale":[0.75541544,0.68706286,1]}
{"name":"commercialGarageComputer_area_1","class":"BeamNGGameplayArea","persistentId":"d3bfffe4-b41c-4067-a39e-562210c02bcb","__parent":"garage_interactions","position":[-215.791275,-26.8885155,121.272224],"rotationMatrix":[0.991062403,0.133398086,0,-0.133398086,0.991062403,0,0,0,0.999999881],"scale":[3.9537735,2.65066123,2.01715159]}
{"name":"commercialGarageComputer_icon_1","class":"BeamNGPointOfInterest","persistentId":"ce257972-d8fa-49fd-96a0-e0fe0c4aef25","__parent":"garage_interactions","position":[-215.866455,-22.7025146,121.824043],"rotationMatrix":[0.823291063,-0.567619503,0,0.567619503,0.823291063,0,0,0,1]}
{"name":"commercialGarageComputer_icon_2","class":"BeamNGPointOfInterest","persistentId":"839b770f-22ba-4c11-8c8d-bbb04e905edd","__parent":"garage_interactions","position":[-199.549667,-30.3326359,121.792755],"rotationMatrix":[-0.717584014,0.696472049,0,-0.696472049,-0.717584014,0,0,0,1]}
{"name":"commercialGarageComputer_area_2","class":"BeamNGGameplayArea","persistentId":"c029221e-8e86-49dc-b5dd-fbf50925cb23","__parent":"garage_interactions","position":[-200.024979,-35.1378365,121.272224],"rotationMatrix":[-0.990828097,-0.135127649,0,0.135127649,-0.990828097,0,0,0,0.999999881],"scale":[3.59741282,2.72890997,2.19879413]}
{"name":"commercialOfficeComputer_area_1","class":"BeamNGGameplayArea","persistentId":"bed85c35-4732-4b42-b990-6b2ab5552976","__parent":"garage_interactions","position":[-235.486298,-40.1348763,121.360207],"rotationMatrix":[0.119682908,-0.992812276,0,0.992812276,0.119682908,0,0,0,1],"scale":[0.87187767,0.80349195,1]}
{"name":"commercialOfficeComputer_icon_1","class":"BeamNGPointOfInterest","persistentId":"f7529546-67f2-439c-b868-c21e3e443474","__parent":"garage_interactions","position":[-235.848267,-40.0782509,121.610222],"rotationMatrix":[-0.717584014,0.696472049,0,-0.696472049,-0.717584014,0,0,0,1]}
{"name":"GarageLocator1","class":"BeamNGTrigger","persistentId":"031acee3-2f94-4afc-baa1-4cab0a6fd553","__parent":"garage_interactions","position":[904.243835,-546.158875,164.715118],"debug":true,"luaFunction":"onBeamNGTrigger","rotationMatrix":[0.992738307,-0.120293871,0,0.120293871,0.992738307,0,0,0,1],"scale":[8.05937004,5.87733746,4.06937933],"triggerColor":[0,255,0,25]}
{"name":"GarageLocator2","class":"BeamNGTrigger","persistentId":"5ac15a5c-70fc-4f45-a535-5b2a71666bae","__parent":"garage_interactions","position":[-215.807602,-26.8723831,122.776291],"debug":true,"luaFunction":"onBeamNGTrigger","rotationMatrix":[0.991006434,0.133813202,0,-0.133813202,0.991006434,0,0,0,0.999999881],"scale":[7.72959518,5.08672523,4.06937933],"triggerColor":[0,255,0,25]}
{"name":"GarageLocator3","class":"BeamNGTrigger","persistentId":"5d2269dc-b7dd-4317-8c67-8f8ebe14faaf","__parent":"garage_interactions","position":[-199.996948,-35.1257858,122.645393],"debug":true,"luaFunction":"onBeamNGTrigger","rotationMatrix":[0.991006434,0.133813202,0,-0.133813202,0.991006434,0,0,0,0.999999881],"scale":[6.74168253,4.97567463,4.06937933],"triggerColor":[0,255,0,25]}
{"name":"ComputerLocator1","class":"BeamNGTrigger","persistentId":"32d0406f-3af8-4029-8825-4d8900f1c6d6","__parent":"garage_interactions","position":[901.40387,-537.562866,164.402771],"debug":true,"rotationMatrix":[0.112371504,0.993666232,0,-0.993666232,0.112371504,0,0,0,1],"scale":[1.38690507,1.48934615,1.70882082],"triggerColor":[0,0,255,25]}
{"name":"ComputerLocator2","class":"BeamNGTrigger","persistentId":"878d1047-1b5b-46e3-bc15-546ba66ef76f","__parent":"garage_interactions","position":[-235.490707,-40.1419144,121.71405],"debug":true,"rotationMatrix":[0.991006434,0.133813202,0,-0.133813202,0.991006434,0,0,0,0.999999881],"scale":[1.38690507,1.77218664,1.70882082],"triggerColor":[0,0,255,25]}
